calibrator,ece
none,0.01605863888169027
platt,0.014811358513720048
isotonic,0.014048250565403193
