calibrator,ece
none,0.17807485970521966
platt,0.017060096751321953
isotonic,0.014056071859162118
