stat,p_value,df,n_classifiers
612.6910420475319,9.032971991135215e-134,2,3
