fold,n,pos,roc_auc
1,702,36,0.6592008675342009
2,702,88,0.5797490376073438
3,702,37,0.8105263157894738
4,702,78,0.609344181459566
5,702,69,0.8090299242164068
