category_id,category_title,n,accuracy,precision_pos,recall_pos,f1_pos,precision_macro,recall_macro,f1_macro,roc_auc,pr_auc,mcc,tp,fp,tn,fn
24.0,Entertainment,815,0.9325153374233128,0.0,0.0,0.0,0.4662576687116564,0.5,0.48253968253968255,0.7454545454545455,0.13613046864305933,0.0,0,0,760,55
20.0,Gaming,2313,0.9031560743623,0.0,0.0,0.0,0.45157803718115,0.5,0.4745570195365743,0.6943022122683444,0.19589034814125356,0.0,0,0,2089,224
10.0,Music,382,0.9240837696335078,0.0,0.0,0.0,0.4620418848167539,0.5,0.48027210884353744,0.5826902412816255,0.12366064077151201,0.0,0,0,353,29
